Audio,Gender
00001.wav,Female
00002.wav,Female
00003.wav,Female
00004.wav,Female
00005.wav,Female
00006.wav,Female
00007.wav,Female
00008.wav,Female
00009.wav,Female
00010.wav,Female
00011.wav,Female
00012.wav,Female
00013.wav,Female
00014.wav,Female
00015.wav,Female
00016.wav,Female
00017.wav,Female
00018.wav,Female
00019.wav,Female
00020.wav,Female
00021.wav,Female
00022.wav,Female
00023.wav,Female
00024.wav,Female
00025.wav,Female
00026.wav,Female
00027.wav,Female
00028.wav,Female
00029.wav,Female
00030.wav,Female
00031.wav,Female
00032.wav,Female
00033.wav,Female
00034.wav,Female
00035.wav,Female
00036.wav,Female
00037.wav,Female
00038.wav,Female
00039.wav,Female
00040.wav,Female
00041.wav,Female
00042.wav,Female
00043.wav,Female
00044.wav,Female
00045.wav,Female
00046.wav,Female
00047.wav,Female
00048.wav,Female
00049.wav,Female
00050.wav,Female
00051.wav,Female
00052.wav,Female
00053.wav,Female
00054.wav,Female
00055.wav,Female
00056.wav,Female
00057.wav,Female
00058.wav,Female
00059.wav,Female
00060.wav,Female
00061.wav,Female
00062.wav,Female
00063.wav,Female
00064.wav,Female
00065.wav,Female
00066.wav,Female
00067.wav,Female
00068.wav,Female
00069.wav,Female
00070.wav,Female
00071.wav,Female
00072.wav,Female
00073.wav,Female
00074.wav,Female
00075.wav,Female
00076.wav,Female
00077.wav,Female
00078.wav,Female
00079.wav,Female
00080.wav,Female
00081.wav,Female
00082.wav,Female
00083.wav,Female
00084.wav,Female
00085.wav,Female
00086.wav,Female
00087.wav,Female
00088.wav,Female
00089.wav,Female
00090.wav,Female
00091.wav,Female
00092.wav,Female
00093.wav,Female
00094.wav,Female
00095.wav,Female
00096.wav,Female
00097.wav,Female
00098.wav,Female
00099.wav,Female
00100.wav,Female
00101.wav,Female
00102.wav,Female
00103.wav,Female
00104.wav,Female
00105.wav,Female
00106.wav,Female
00107.wav,Female
00108.wav,Female
00109.wav,Female
00110.wav,Female
00111.wav,Female
00112.wav,Female
00113.wav,Female
00114.wav,Female
00115.wav,Female
00116.wav,Female
00117.wav,Female
00118.wav,Female
00119.wav,Female
00120.wav,Female
00121.wav,Female
00122.wav,Female
00123.wav,Female
00124.wav,Female
00125.wav,Female
00126.wav,Female
00127.wav,Female
00128.wav,Female
00129.wav,Female
00130.wav,Female
00131.wav,Female
00132.wav,Female
00133.wav,Female
00134.wav,Female
00135.wav,Female
00136.wav,Female
00137.wav,Female
00138.wav,Female
00139.wav,Female
00140.wav,Female
00141.wav,Female
00142.wav,Female
00143.wav,Female
00144.wav,Female
00145.wav,Female
00146.wav,Female
00147.wav,Female
00148.wav,Female
00149.wav,Female
00150.wav,Female
00151.wav,Female
00152.wav,Female
00153.wav,Female
00154.wav,Female
00155.wav,Male
00156.wav,Male
00157.wav,Male
00158.wav,Male
00159.wav,Male
00160.wav,Male
00161.wav,Male
00162.wav,Male
00163.wav,Male
00164.wav,Male
00165.wav,Male
00166.wav,Male
00167.wav,Male
00168.wav,Male
00169.wav,Male
00170.wav,Male
00171.wav,Male
00172.wav,Male
00173.wav,Male
00174.wav,Male
00175.wav,Male
00176.wav,Male
00177.wav,Male
00178.wav,Male
00179.wav,Male
00180.wav,Male
00181.wav,Male
00182.wav,Male
00183.wav,Male
00184.wav,Male
00185.wav,Male
00186.wav,Male
00187.wav,Male
00188.wav,Male
00189.wav,Male
00190.wav,Male
00191.wav,Male
00192.wav,Male
00193.wav,Male
00194.wav,Male
00195.wav,Male
00196.wav,Male
00197.wav,Male
00198.wav,Male
00199.wav,Male
00200.wav,Male
